obs,year,month,month/year,monthid,time,idtime,lnPd,lnPV,lnPVP,lnTCREAL,lnIGAE,lnGASPRICEREAL,Pd,PV,TCREAL,IGAE,GASPRICEREAL,if,imm,ig4,lnif,lnimm,lnig4,dummy911,dummy_uscrisis,clinton,bush,obama,trump,partyDem,lnPd_caf,lnPV_caf,lnPVP_caf,lnPd_tx,lnPV_tx,lnPVP_tx,lnPd_oth,lnPV_oth,lnPVP_oth
1,2004,January,January/2004,1,97,0,15.20240149,15.83107003,16.58365511,4.323661022,4.393586156,-0.137550566,"4,002,387","7,504,925",75.4644,80.93012727,0.871490281,11,60,0,2.397895273,4.094344562,0,1,0,0,1,0,0,0,14.24454114,14.87021624,15.5266677,14.33518075,15.13785263,15.92276666,13.57362497,13.68948918,14.58933778
2,2004,February,February/2004,2,98,0,15.20430604,15.78715946,16.51000624,4.328935673,4.37189896,-0.09692265,"4,010,017","7,182,510",75.8635,79.19387501,0.907626208,14,61,41,2.63905733,4.110873864,3.737669618,1,0,0,1,0,0,0,14.26260565,14.79836102,15.43903617,14.31668637,15.11568424,15.85595357,13.58684303,13.64176889,14.52507228
3,2004,March,March/2004,3,99,0,15.31159879,15.881285,16.60168674,4.315262973,4.441802505,-0.052586047,"4,464,192","7,891,407",74.8333,84.92788676,0.948772679,9,60,0,2.197224577,4.094344562,0,1,0,0,1,0,0,0,14.38856253,14.91694885,15.55034335,14.43172648,15.19278587,15.93761915,13.63950462,13.73085749,14.60495834
4,2004,April,April/2004,4,100,0,15.20818428,15.83548231,16.58844222,4.334421268,4.418072212,-0.022049831,"4,025,599","7,538,112",76.2808,82.93624765,0.978191489,40,58,0,3.688879454,4.060443011,0,1,0,0,1,0,0,0,14.24348183,14.86581702,15.53796907,14.35271537,15.15258579,15.9293278,13.56735684,13.67819487,14.57042336
5,2004,May,May/2004,5,101,0,15.20051133,15.87186526,16.62054275,4.353062443,4.445459778,0.067475769,"3,994,829","7,817,421",77.7161,85.23905986,1.069804336,21,53,100,3.044522438,3.970291914,4.615120517,1,0,0,1,0,0,0,14.23684573,14.91259768,15.59566276,14.33931736,15.17497315,15.93522766,13.57010989,13.7406717,14.63443893
6,2004,June,June/2004,6,102,0,15.15110066,15.82554749,16.55455691,4.351830279,4.449929088,0.059352456,"3,802,239","7,463,593",77.6204,85.62087225,1.061149183,137,49,0,4.919980926,3.891820298,0,1,0,0,1,0,0,0,14.20824902,14.87677536,15.51998589,14.30686831,15.11974608,15.86532747,13.43961493,13.69751275,14.60725524
7,2004,July,July/2004,7,103,0,15.23784896,15.84560559,16.68552087,4.361563689,4.418120148,0.031187559,"4,146,806","7,614,810",78.3796,82.94022336,1.031678986,10,46,0,2.302585093,3.828641396,0,1,0,0,1,0,0,0,14.28492464,14.85613527,15.51878393,14.41494413,15.16890769,15.98873452,13.49621672,13.72479013,15.02707616
8,2004,August,August/2004,8,104,0,15.19724429,15.85182563,16.60503229,4.345529908,4.420434759,0.013106348,"3,981,799","7,662,322",77.1329,83.13242008,1.013192612,167,44,92,5.117993812,3.784189634,4.532599493,1,0,0,1,0,0,0,14.29831997,14.89125946,15.58957743,14.32073834,15.15891047,15.91431014,13.46427082,13.70801888,14.61395605
9,2004,September,September/2004,9,105,0,15.04776261,15.81047097,16.49461752,4.349043627,4.409124652,0.006822383,"3,428,943","7,351,912",77.4044,82.19748063,1.006845708,10,49,25,2.302585093,3.891820298,3.258096538,1,0,0,1,0,0,0,14.0387565,14.85944453,15.50048387,14.20515721,15.10526621,15.82925384,13.46219568,13.68727256,14.33932743
10,2004,October,October/2004,10,106,0,15.15283498,15.84143779,16.53589307,4.348575843,4.435124723,0.067350175,"3,808,839","7,583,139",77.3682,84.3626462,1.069669984,28,50,26,3.33220451,3.912023005,3.295836866,1,0,0,1,0,0,0,14.09563011,14.84618192,15.47798693,14.34553686,15.16362578,15.8828451,13.57544208,13.74297212,14.51367065
11,2004,November,November/2004,11,107,0,15.17612602,15.82368929,16.54498273,4.364365338,4.45366675,0.057478316,"3,898,592","7,449,737",78.5995,85.94149297,1.059162304,17,58,105,2.833213344,4.060443011,4.663439094,1,0,0,1,0,0,0,14.15676634,14.82952347,15.44461932,14.30597407,15.15170092,15.89729298,13.66329833,13.69737321,14.60701735
12,2004,December,December/2004,12,108,0,15.324021,15.9041597,16.64824526,4.359890938,4.457024248,-0.008443322,"4,519,993","8,074,001",78.2486,86.23052623,0.991592223,11,50,8,2.397895273,3.912023005,2.197224577,1,0,0,1,0,0,0,14.27604197,14.94524547,15.59746108,14.47568765,15.21254974,15.99343474,13.81545256,13.74932161,14.6141293
13,2005,January,January/2005,1,109,0,15.14234627,15.86572589,16.58697327,4.359171177,4.409865596,-0.016922667,"3,769,098","7,769,574",78.1923,82.25840688,0.983219717,44,50,7,3.784189634,3.912023005,2.079441542,1,0,0,1,0,0,0,14.19587595,14.90459157,15.52347674,14.25708128,15.17070762,15.91604899,13.52933535,13.73267988,14.64567592
14,2005,February,February/2005,2,110,0,15.1377788,15.77637068,16.46537139,4.34371321,4.393207032,0.018083675,"3,751,922","7,105,436",76.9929,80.89945051,1.018248175,27,48,6,3.295836866,3.871201011,1.945910149,1,0,0,1,0,0,0,14.25706456,14.8082522,15.41157626,14.20511048,15.0775481,15.78292105,13.48757577,13.68106561,14.54129578
15,2005,March,March/2005,3,111,0,15.32560338,15.88637606,16.61689839,4.34835092,4.426359456,0.092342888,"4,527,151","7,931,685",77.3508,83.62641643,1.096740817,26,50,22,3.258096538,3.912023005,3.135494216,1,0,0,1,0,0,0,14.41759946,14.91626555,15.56173434,14.41563798,15.19875828,15.95405828,13.68639341,13.75088457,14.62531525
16,2005,April,April/2005,4,112,0,15.17400712,15.84848477,16.53558577,4.337550838,4.461227526,0.160590041,"3,890,340","7,636,766",76.5199,86.59373994,1.174203494,15,50,22,2.708050201,3.912023005,3.135494216,1,0,0,1,0,0,0,14.22251848,14.896435,15.50858367,14.24318389,15.156795,15.85709653,13.65808335,13.67095982,14.52967874
17,2005,May,May/2005,5,113,0,15.13345247,15.87229536,16.58395087,4.321310134,4.476073467,0.125979803,"3,735,725","7,820,784",75.2872,87.88889564,1.134259259,16,49,62,2.772588722,3.891820298,4.143134726,1,0,0,1,0,0,0,14.14186608,14.91100733,15.57739038,14.23918945,15.18274493,15.88690708,13.6197949,13.71639053,14.59230517
18,2005,June,June/2005,6,114,0,15.12569221,15.84099816,16.53737247,4.289896269,4.458432958,0.122285879,"3,706,847","7,579,806",72.9589,86.35208565,1.130077121,34,43,119,3.526360525,3.761200116,4.787491743,1,0,0,1,0,0,0,14.1348192,14.88250283,15.49112378,14.20456711,15.152429,15.87333078,13.65895382,13.671512,14.52731118
19,2005,July,July/2005,7,115,0,15.16676617,15.86443026,16.6097483,4.26477627,4.428244354,0.177276439,"3,862,272","7,759,514",71.1490,83.78419232,1.193961105,11,42,125,2.397895273,3.737669618,4.836281907,1,0,0,1,0,0,0,14.16902672,14.89335467,15.5706095,14.28225325,15.18321774,15.95356317,13.64521441,13.70439798,14.54943445
20,2005,August,August/2005,8,116,0,15.19943436,15.85232614,16.56624911,4.275607225,4.45934857,0.252840758,"3,990,529","7,666,158",71.9238,86.43118689,1.287678208,75,38,5,4.317488114,3.63758616,1.791759469,1,0,0,1,0,0,0,14.17187155,14.90757848,15.57282212,14.28558418,15.16709804,15.89266561,13.7770753,13.61970611,14.44445409
21,2005,September,September/2005,9,117,0,14.97502508,15.79926038,16.48070552,4.28763216,4.438437014,0.395014988,"3,188,385","7,269,953",72.7939,84.64254316,1.484406439,22,44,150,3.091042453,3.784189634,5.017279837,1,0,0,1,0,0,0,13.80578138,14.85093843,15.4664462,14.14426811,15.11202818,15.80738198,13.60333909,13.58873667,14.41964072
22,2005,October,October/2005,10,118,0,15.06977982,15.83959847,16.52009275,4.27790979,4.464217974,0.327901476,"3,505,276","7,569,204",72.0896,86.85308157,1.388052209,24,50,37,3.17805383,3.912023005,3.63758616,1,0,0,1,0,0,0,13.92621527,14.89907587,15.5133362,14.21950191,15.14402299,15.84272179,13.69944854,13.63947003,14.4537421
23,2005,November,November/2005,11,119,0,15.11307343,15.82196412,16.51021915,4.241794269,4.484778384,0.153138022,"3,660,365","7,436,896",69.5325,88.65730076,1.16548583,107,49,60,4.672828834,3.891820298,4.110873864,1,0,0,1,0,0,0,13.92991991,14.87180286,15.49292595,14.2826808,15.14087083,15.84811832,13.75754346,13.58944524,14.41188854
24,2005,December,December/2005,12,120,0,15.26047516,15.89626911,16.6497636,4.232688108,4.490332434,0.124535256,"4,241,702","8,010,543",68.9022,89.15107785,1.132621951,52,41,199,3.951243719,3.713572067,5.298317367,1,0,0,1,0,0,0,14.05710838,14.93356364,15.63015222,14.48288239,15.21906854,15.99702312,13.83463845,13.6899428,14.51816787
25,2006,January,January/2006,1,121,0,15.07245762,15.85410484,16.57342882,4.237968602,4.46643177,0.174050769,"3,514,675","7,679,806",69.2670,87.04556956,1.190115986,54,45,4,3.988984047,3.80666249,1.609437912,1,0,0,1,0,0,0,13.88495173,14.90470968,15.53507597,14.27645137,15.16975501,15.91837427,13.66142771,13.6340846,14.50630247
26,2006,February,February/2006,2,122,0,15.04925292,15.76261414,16.45718446,4.222356584,4.431804095,0.157524091,"3,434,057","7,008,359",68.1940,84.08297386,1.170608958,95,47,14,4.553876892,3.850147602,2.708050201,1,0,0,1,0,0,0,13.8571706,14.80746037,15.43935322,14.23194528,15.084864,15.78722072,13.68194716,13.53224671,14.39278943
27,2006,March,March/2006,3,123,0,15.17387935,15.87944968,16.57622772,4.248366662,4.49468642,0.211261426,"3,889,843","7,876,937",69.9910,89.54008661,1.235235235,148,67,47,4.997212274,4.204692619,3.871201011,1,0,0,1,0,0,0,14.03753348,14.91701666,15.55635385,14.33360828,15.21181985,15.90937878,13.77719791,13.62674669,14.5050402
28,2006,April,April/2006,4,124,0,15.12262155,15.83471445,16.56214627,4.290490948,4.467085622,0.324346553,"3,695,482","7,532,326",73.0023,87.10250316,1.383126551,127,100,55,4.844187086,4.605170186,4.025351691,1,0,0,1,0,0,0,13.95039628,14.86118715,15.51899913,14.29104387,15.16748751,15.90997211,13.75597709,13.61942755,14.49655985
29,2006,May,May/2006,5,125,0,15.11761347,15.83295182,16.51379934,4.327540089,4.534096777,0.377251902,"3,677,021","7,519,061",75.7577,93.13935166,1.458271605,68,94,0,4.219507705,4.543294782,0,1,0,0,1,0,0,0,13.99003513,14.87977706,15.4939382,14.2547637,15.14808869,15.82839942,13.74808039,13.62863264,14.51476704
30,2006,June,June/2006,6,126,0,15.10032852,15.78644497,16.47936293,4.34622198,4.514902304,0.367459362,"3,614,010","7,177,380",77.1863,91.36863925,1.444061114,49,51,6,3.891820298,3.931825633,1.945910149,1,0,0,1,0,0,0,14.05358371,14.83736419,15.45579615,14.20996527,15.10488176,15.81032855,13.6665847,13.55224399,14.42742762
31,2006,July,July/2006,7,127,0,15.16590439,15.80245187,16.55292802,4.311280889,4.481406819,0.396415273,"3,858,945","7,293,192",74.5359,88.35889024,1.486486486,23,41,104,3.135494216,3.713572067,4.65396035,1,0,0,1,0,0,0,14.0731707,14.84942431,15.52782306,14.28555731,15.12756051,15.89668784,13.77985955,13.55071524,14.45281781
32,2006,August,August/2006,8,128,0,15.16096053,15.79719317,16.51531317,4.30027142,4.502541291,0.385819408,"3,839,914","7,254,940",73.7198,90.24618198,1.470819029,25,43,0,3.218875825,3.761200116,0,1,0,0,1,0,0,0,14.06369788,14.89633661,15.57654188,14.25479206,15.08651668,15.79355165,13.82211073,13.51897609,14.41971231
33,2006,September,September/2006,9,129,0,15.14274364,15.73411308,16.42348411,4.294546966,4.475848149,0.250273418,"3,770,596","6,811,433",73.2990,87.86909491,1.28437654,30,46,52,3.401197382,3.828641396,3.970291914,1,0,0,1,0,0,0,14.15507729,14.77875358,15.39203181,14.20667456,15.05881868,15.75714357,13.6962269,13.49280769,14.38269818
34,2006,October,October/2006,10,130,0,15.21206065,15.78515858,16.44225865,4.278858159,4.517403834,0.127754082,"4,041,234","7,168,153",72.1580,91.59748672,1.136273538,90,50,63,4.49980967,3.912023005,4.158883083,1,0,0,1,0,0,0,14.20146048,14.8302973,15.48395956,14.25850264,15.10374326,15.76994711,13.82829153,13.57089564,14.19726477
35,2006,November,November/2006,11,131,0,15.26275255,15.83293706,16.54369385,4.28214138,4.512453764,0.121360857,"4,251,373","7,518,950",72.3953,91.1451931,1.129032258,134,53,77,4.8978398,3.970291914,4.356708827,1,0,0,1,0,0,0,14.28578977,14.95890977,15.59294068,14.28623081,15.09517193,15.82700337,13.86409594,13.57485583,14.46572571
36,2006,December,December/2006,12,132,0,15.35544061,15.82439993,16.57648042,4.287490655,4.509335016,0.156130878,"4,664,264","7,455,033",72.7836,90.86137705,1.168979187,38,45,49,3.63758616,3.80666249,3.912023005,1,0,0,1,0,0,0,14.22055758,14.84891744,15.53194896,14.47819441,15.16189345,15.93182619,14.01836895,13.59350386,14.48334044
37,2007,January,January/2007,1,133,0,15.14428729,15.76429144,16.4441965,4.278594813,4.486131099,0.122960241,"3,776,421","7,020,124",72.1390,88.77730995,1.130839459,49,46,40,3.891820298,3.828641396,3.713572067,1,0,0,1,0,0,0,14.16421905,14.8211768,15.41114768,14.18829888,15.07582466,15.77379723,13.71834746,13.5408987,14.42359374
38,2007,February,February/2007,2,134,0,15.13526172,15.6837206,16.35889034,4.286403281,4.45164958,0.132368549,"3,742,490","6,476,693",72.7045,85.76830903,1.141528951,66,50,55,4.189654742,3.912023005,4.025351691,1,0,0,1,0,0,0,14.02088843,14.70241285,15.31115718,14.27703144,15.02835886,15.70580863,13.74080425,13.4386985,14.30961821
39,2007,March,March/2007,3,135,0,15.23454676,15.80096843,16.50129681,4.310291614,4.515487004,0.239411612,"4,133,135","7,282,381",74.4622,91.42207813,1.270501383,51,52,10,3.931825633,3.951243719,2.397895273,1,0,0,1,0,0,0,14.01048095,14.82489848,15.4434424,14.43332032,15.13717919,15.85419182,13.87660472,13.5782516,14.45521846
40,2007,April,April/2007,4,136,0,15.13346478,15.75078665,16.46173989,4.312505052,4.492232649,0.335571916,"3,735,771","6,925,956",74.6272,89.32064505,1.398740118,47,56,40,3.850147602,4.025351691,3.713572067,1,0,0,1,0,0,0,13.91144327,14.76811663,15.41060185,14.31919736,15.08937979,15.80370855,13.79558842,13.53954887,14.4412495
41,2007,May,May/2007,5,137,0,15.20515381,15.7813047,16.48245004,4.306099509,4.546718505,0.426957364,"4,013,418","7,140,581",74.1507,94.32238147,1.532587317,32,67,65,3.465735903,4.204692619,4.189654742,1,0,0,1,0,0,0,14.13635198,14.8141338,15.46263801,14.34049763,15.09740755,15.79282302,13.75861634,13.62018886,14.49885737
42,2007,June,June/2007,6,138,0,15.28145009,15.69999885,16.38683815,4.302979369,4.538331517,0.397988294,"4,331,611","6,582,985",73.9197,93.53460891,1.488826601,29,72,63,3.36729583,4.276666119,4.158883083,1,0,0,1,0,0,0,14.28419957,14.74519598,15.35690001,14.41284263,15.01022271,15.70204825,13.7282617,13.52337324,14.41193536
43,2007,July,July/2007,7,139,0,15.31845198,15.72399265,16.45782024,4.307299048,4.515366087,0.368467888,"4,494,891","6,742,846",74.2397,91.41102431,1.445518221,23,52,80,3.135494216,3.951243719,4.394449155,1,0,0,1,0,0,0,14.25425505,14.7776626,15.47016846,14.43350199,15.02877714,15.75167105,13.90070979,13.54247536,14.4479694
44,2007,August,August/2007,8,140,0,15.26224082,15.71904021,16.44880611,4.329001578,4.524147981,0.309720366,"4,249,198","6,709,535",75.8685,92.21732146,1.363043907,18,42,113,2.890371758,3.737669618,4.736198448,1,0,0,1,0,0,0,14.16972237,14.78286392,15.42160729,14.41066722,15.02141819,15.77822501,13.82627838,13.51274733,14.41303906
45,2007,September,September/2007,9,141,0,15.18495272,15.67961627,16.3686577,4.334439621,4.493961115,0.312247163,"3,933,156","6,450,165",76.2822,89.47516626,1.366492398,33,42,47,3.496507561,3.737669618,3.871201011,1,0,0,1,0,0,0,14.08983456,14.7261763,15.35094083,14.30845649,14.99857704,15.67993404,13.79569859,13.45857701,14.37623145
46,2007,October,October/2007,10,142,0,15.22974615,15.72620322,16.39557859,4.326447855,4.556819575,0.311513273,"4,113,341","6,757,768",75.6750,95.27996662,1.365489911,47,48,11,3.850147602,3.871201011,2.48490665,1,0,0,1,0,0,0,14.12113691,14.75233816,15.35861079,14.3578552,15.05607167,15.70886526,13.85071456,13.52561537,14.44537177
47,2007,November,November/2007,11,143,0,15.25689425,15.70661162,16.389022,4.344363708,4.541263132,0.397613976,"4,226,540","6,626,661",77.0430,93.80921872,1.488269411,76,50,139,4.33073334,3.912023005,4.941642423,1,0,0,1,0,0,0,14.17907601,14.69523149,15.3032501,14.36268412,15.06250549,15.73873694,13.87352472,13.50975141,14.42620342
48,2007,December,December/2007,12,144,0,15.3818303,15.77173024,16.49544382,4.335733974,4.526745368,0.379568803,"4,788,991","7,072,540",76.3810,92.45715685,1.461654193,32,39,188,3.465735903,3.663561646,5.241747015,1,1,0,1,0,0,0,14.23977714,14.71368498,15.37332775,14.55983078,15.15752356,15.88349016,13.96005409,13.58065367,14.47139555
49,2008,January,January/2008,1,145,0,15.17040016,15.70454978,16.38200011,4.348852405,4.510357975,0.382720884,"3,876,333","6,613,012",77.3896,90.95437212,1.466268713,77,41,31,4.343805422,3.713572067,3.465735903,1,1,0,1,0,0,0,14.16595896,14.69076636,15.30629713,14.29604108,15.06410915,15.73509888,13.64079639,13.49814973,14.38156273
50,2008,February,February/2008,2,146,0,15.17257408,15.65684211,16.31252676,4.338895988,4.488516546,0.374313109,"3,884,769","6,304,928",76.6229,88.98933634,1.453992338,52,44,96,3.951243719,3.784189634,4.574710979,1,1,0,1,0,0,0,14.10298761,14.62847071,15.20185567,14.30605612,15.03246365,15.64489781,13.73049936,13.42020318,14.46571214
51,2008,March,March/2008,3,147,0,15.2268465,15.74621381,16.46940203,4.362926635,4.489234515,0.433201218,"4,101,431","6,894,357",78.4865,89.05325086,1.542186505,19,41,62,2.944438979,3.713572067,4.143134726,1,1,0,1,0,0,0,14.2414173,14.71353059,15.3988055,14.29415673,15.12470679,15.83242502,13.77110402,13.50955996,14.41607414
52,2008,April,April/2008,4,148,0,15.12843256,15.68664805,16.3587417,4.348127238,4.550875752,0.490116724,"3,717,019","6,495,681",77.3335,94.71531915,1.632506761,26,43,23,3.258096538,3.761200116,3.17805383,1,1,0,1,0,0,0,14.1443732,14.70237207,15.38135639,14.11138622,15.03001669,15.65259308,13.79869903,13.45819541,14.31978879
53,2008,May,May/2008,5,149,0,15.17237611,15.71724563,16.40873881,4.338406458,4.552447918,0.565910789,"3,884,000","6,697,505",76.5854,94.86434445,1.761050999,22,38,62,3.091042453,3.63758616,4.143134726,1,1,0,1,0,0,0,14.17332625,14.70786632,15.30237058,14.18472446,15.07171987,15.78118342,13.82268575,13.52053394,14.40882249
54,2008,June,June/2008,6,150,0,15.09360538,15.68815884,16.38492233,4.323650421,4.548132685,0.629149305,"3,589,794","6,505,502",75.4636,94.45586465,1.876013984,41,30,52,3.713572067,3.401197382,3.970291914,1,1,0,1,0,0,0,14.11155284,14.67799537,15.33906417,14.15176277,15.05368477,15.72888615,13.64777215,13.4403108,14.34243549
55,2008,July,July/2008,7,151,0,15.04699677,15.71263059,16.4564422,4.319110796,4.544987951,0.626102081,"3,426,318","6,666,667",75.1218,94.15929263,1.87030605,30,29,60,3.401197382,3.36729583,4.110873864,1,1,0,1,0,0,0,13.70642088,14.70404317,15.37129049,14.2489079,15.07614844,15.83770599,13.80260666,13.46940386,14.36512853
56,2008,August,August/2008,8,152,0,15.15077738,15.71096601,16.43661709,4.275527972,4.516263368,0.559353626,"3,801,010","6,655,579",71.9181,91.49308245,1.749541276,16,28,37,2.772588722,3.33220451,3.63758616,1,1,0,1,0,0,0,13.96376331,14.70486946,15.33117765,14.3238132,15.07221802,15.82338238,13.79401824,13.47044934,14.37571075
57,2008,September,September/2008,9,153,0,15.08811705,15.68503707,16.37612299,4.298414021,4.506194826,0.540444376,"3,570,146","6,485,225",73.5830,90.57650255,1.716769584,13,34,46,2.564949357,3.526360525,3.850147602,1,1,0,1,0,0,0,13.92168424,14.64798306,15.2479831,14.26965979,15.07101035,15.77594064,13.69141791,13.42489022,14.3176891
58,2008,October,October/2008,10,154,0,15.09937787,15.69914385,16.37564643,4.424333926,4.559197827,0.362508119,"3,610,576","6,577,359",83.4572,95.5068361,1.436928888,42,39,44,3.737669618,3.663561646,3.80666249,1,1,0,1,0,0,0,13.9576089,14.66929675,15.27299029,14.30181129,15.08615021,15.76855208,13.63110323,13.40860341,14.28072524
59,2008,November,November/2008,11,155,0,15.08024783,15.66486748,16.35132774,4.431910248,4.522252673,0.03866833,"3,542,162","6,355,731",84.0919,92.04270673,1.03942568,24,36,110,3.17805383,3.583518938,4.709530201,1,1,0,1,0,0,0,13.92362388,14.59279482,15.20361154,14.3332538,15.07073022,15.76200454,13.52749776,13.41736758,14.29510802
60,2008,December,December/2008,12,156,0,15.16048332,15.70333689,16.39340636,4.469627629,4.520647627,-0.186267914,"3,838,082","6,604,996",87.3242,91.89509245,0.830051183,18,30,113,2.890371758,3.401197382,4.736198448,1,1,0,1,0,0,0,13.98207445,14.63693881,15.28234889,14.45435994,15.09826275,15.81470132,13.54441418,13.49351168,14.18763465
61,2009,January,January/2009,1,157,0,15.09142516,15.6183097,16.33682379,4.491104109,4.441425839,-0.137599871,"3,581,976","6,066,605",89.2199,84.89590334,0.871447313,14,31,64,2.63905733,3.433987204,4.17438727,1,1,0,0,1,0,1,14.01764863,14.5701742,15.2003426,14.30973901,14.9915489,15.71198704,13.48523548,13.45626374,14.39682969
62,2009,February,February/2009,2,158,0,15.00042653,15.50840706,16.17367595,4.521596167,4.404778808,-0.071757654,"3,270,412","5,435,201",91.9823,81.84103822,0.930756434,49,35,55,3.891820298,3.555348061,4.025351691,1,1,0,0,1,0,1,13.91036336,14.50212948,15.07921968,14.21571184,14.8552875,15.51521833,13.42806708,13.33687619,14.26062513
63,2009,March,March/2009,3,159,0,15.12427923,15.61237448,16.30352828,4.524644278,4.464454427,-0.056122738,"3,701,613","6,030,705",92.2631,86.8736207,0.94542309,33,37,45,3.496507561,3.610917913,3.828641396,1,1,0,0,1,0,1,14.06801483,14.65297278,15.24909181,14.33285509,14.9219379,15.61412912,13.51007312,13.45406999,14.40463189
64,2009,April,April/2009,4,160,0,15.05931322,15.57863407,16.26223712,4.44444729,4.434509142,-0.014358834,"3,468,779","5,830,621",85.1528,84.31073013,0.985743763,28,37,65,3.33220451,3.610917913,4.189654742,1,1,0,0,1,0,1,13.98148337,14.60795405,15.1780889,14.29530176,14.89434624,15.59310011,13.41875888,13.43070212,14.36284727
65,2009,May,May/2009,5,161,0,15.0561298,15.59962337,16.286862,4.451261144,4.455296118,0.079708854,"3,457,754","5,954,295",85.7350,86.08163742,1.082971719,23,35,79,3.135494216,3.555348061,4.382026635,1,1,0,0,1,0,1,13.99920867,14.64455527,15.24460791,14.26300525,14.89987956,15.58562376,13.44692641,13.46679386,14.39883618
66,2009,June,June/2009,6,162,0,14.99913411,15.57446494,16.25564009,4.475355307,4.479429125,0.217503945,"3,266,188","5,806,363",87.8258,88.18431607,1.242970333,19,32,48,2.944438979,3.465735903,3.891820298,1,1,0,0,1,0,1,13.94793784,14.63801399,15.23256058,14.23408667,14.86796442,15.54598151,13.31264649,13.40829392,14.34982729
67,2009,July,July/2009,7,163,0,15.04360957,15.59960355,16.33385368,4.477887799,4.485617336,0.181465223,"3,414,732","5,954,177",88.0485,88.73171117,1.19897284,37,29,62,3.610917913,3.36729583,4.143134726,1,0,0,0,1,0,1,13.98329953,14.65189927,15.28330541,14.2788489,14.89922509,15.65694187,13.37339288,13.44520311,14.38241912
68,2009,August,August/2009,8,164,0,15.09431714,15.6242353,16.35451627,4.457897962,4.460763879,0.212739065,"3,592,350","6,102,660",86.3059,86.55360036,1.237061816,9,28,71,2.197224577,3.33220451,4.276666119,1,0,0,0,1,0,1,13.97085652,14.64509459,15.30095657,14.35902252,14.95275076,15.70975366,13.4620362,13.44754931,14.28715035
69,2009,September,September/2009,9,165,0,14.93186879,15.54493051,16.21706323,4.496227707,4.4601877,0.189002313,"3,053,713","5,637,383",89.6782,86.50374435,1.208043747,24,33,84,3.17805383,3.496507561,4.442651256,1,0,0,0,1,0,1,13.90288662,14.59355066,15.1924715,14.10295535,14.84826256,15.53055456,13.35250479,13.38687457,14.23457938
70,2009,October,October/2009,10,166,0,15.03465588,15.57718377,16.22863518,4.493438305,4.512182867,0.186505345,"3,384,294","5,822,171",89.4284,91.12050554,1.205031063,28,36,54,3.33220451,3.583518938,4.007333185,1,0,0,0,1,0,1,14.02082247,14.60501691,15.20930348,14.20563324,14.89262951,15.56331239,13.42870625,13.43520722,14.14964506
71,2009,November,November/2009,11,167,0,15.04363183,15.55507018,16.23283352,4.484587736,4.513592163,0.223836696,"3,414,808","5,694,835",88.6404,91.24901179,1.250866731,16,33,59,2.772588722,3.496507561,4.094344562,1,0,0,0,1,0,1,13.97520385,14.56852537,15.1743497,14.22626101,14.87379552,15.58592926,13.50586641,13.44447296,14.18763189
72,2009,December,December/2009,12,168,0,15.126021,15.60221393,16.34918372,4.451312463,4.520223966,0.209581224,"3,708,066","5,969,740",85.7394,91.85616833,1.233161534,13,30,184,2.564949357,3.401197382,5.220355825,1,0,0,0,1,0,1,13.95241887,14.61869709,15.28279418,14.35135928,14.92334882,15.69361957,13.65586397,13.47201975,14.358498
73,2010,January,January/2010,1,169,0,14.97487326,15.53894979,16.25704674,4.429482576,4.464378404,0.245202514,"3,187,901","5,603,768",83.8880,86.86701655,1.277880076,44,32,88,3.784189634,3.465735903,4.48863637,1,0,0,0,1,0,1,13.902322,14.5480669,15.16274777,14.17514183,14.87211438,15.62538627,13.4066532,13.37977849,14.24352484
74,2010,February,February/2010,2,170,0,14.94142117,15.43462094,16.10017778,4.423386884,4.44532036,0.219348428,"3,083,023","5,048,597",83.3782,85.22717682,1.245265086,23,33,67,3.135494216,3.496507561,4.219507705,1,0,0,0,1,0,1,13.87590268,14.48412373,15.05688232,14.14329805,14.73645485,15.41753526,13.35802979,13.28006261,14.15126039
75,2010,March,March/2010,3,171,0,15.11517156,15.54223325,16.20118114,4.391135027,4.524959449,0.260523538,"3,668,053","5,622,198",80.7320,92.2921832,1.297609256,34,38,83,3.526360525,3.63758616,4.430816799,1,0,0,0,1,0,1,14.08809473,14.59409158,15.14802802,14.29026538,14.83952322,15.52729475,13.52392621,13.39919783,14.24530268
76,2010,April,April/2010,4,172,1,14.99733069,15.4902033,16.18110106,4.360796614,4.506253481,0.285344577,"3,260,303","5,337,155",78.3195,90.5818155,1.330220312,49,56,63,3.891820298,4.025351691,4.158883083,1,0,0,0,1,0,1,13.96420897,14.52818827,15.12447912,14.19297118,14.80592609,15.52962501,13.3714148,13.31357365,14.14927628
77,2010,May,May/2010,5,173,1,15.06909747,15.51910435,16.20315024,4.378899249,4.525044518,0.281115445,"3,502,885","5,493,655",79.7502,92.30003476,1.324606514,48,69,52,3.871201011,4.234106505,3.970291914,1,0,0,0,1,0,1,14.07296974,14.58503713,15.18582847,14.21843845,14.81037695,15.5165277,13.47730262,13.35434456,14.20189138
78,2010,June,June/2010,6,174,1,14.96569612,15.47375635,16.16505252,4.373601241,4.535080332,0.24508356,"3,158,779","5,250,093",79.3288,93.23100441,1.277728076,136,38,40,4.912654886,3.63758616,3.713572067,1,0,0,0,1,0,1,14.0065201,14.56276943,15.16630753,14.15039081,14.7433883,15.46612132,13.21864581,13.3208076,14.15917544
79,2010,July,July/2010,7,175,1,15.01387738,15.48633647,16.19319997,4.403490871,4.525354488,0.243794759,"3,314,699","5,316,557",81.7357,92.32864945,1.2760824,31,41,139,3.433987204,3.713572067,4.941642423,1,0,0,0,1,0,1,14.05215299,14.59029533,15.20912655,14.15707765,14.73934874,15.48153804,13.37009807,13.3494862,14.19358049
80,2010,August,August/2010,8,176,1,14.99733867,15.49892395,16.20904561,4.404791781,4.517018321,0.242774436,"3,260,329","5,383,902",81.8421,91.56218153,1.274781047,50,31,51,3.912023005,3.433987204,3.951243719,1,0,0,0,1,0,1,13.98896794,14.60132352,15.21148962,14.15150911,14.76421698,15.52330455,13.4173914,13.31685228,14.14943455
81,2010,September,September/2010,9,177,1,14.91650135,15.43791524,16.09027821,4.419057452,4.505974016,0.232806519,"3,007,144","5,065,256",83.0180,90.55650462,1.262137256,25,33,60,3.218875825,3.496507561,4.110873864,1,0,0,0,1,0,1,13.93689953,14.54292437,15.10699906,14.06649649,14.69561686,15.37134852,13.29259211,13.27830502,14.11443297
82,2010,October,October/2010,10,178,1,15.01607034,15.48946912,16.16632833,4.411371822,4.541647516,0.265790035,"3,321,976","5,333,238",82.3824,93.84528442,1.304461138,25,34,94,3.218875825,3.526360525,4.553876892,1,0,0,0,1,0,1,14.06811116,14.57291059,15.14082034,14.12880774,14.76588808,15.49589628,13.41006395,13.32747004,14.12532416
83,2010,November,November/2010,11,179,1,15.02773453,15.44321698,16.041659,4.387523996,4.564028394,0.286181882,"3,360,951","5,092,182",80.4410,95.96930437,1.33133458,28,32,124,3.33220451,3.465735903,4.828313737,1,0,0,0,1,0,1,14.09876359,14.53216868,15.10740055,14.10101802,14.70671361,15.31087813,13.46321601,13.31552925,13.96692693
84,2010,December,December/2010,12,180,1,15.14759633,15.5199406,16.15106494,4.378766326,4.560132964,0.329767076,"3,788,938","5,498,251",79.7396,95.59618986,1.390644177,43,25,173,3.761200116,3.218875825,5.159055299,1,0,0,0,1,0,1,14.15858453,14.56955338,15.17769356,14.27584383,14.81361793,15.45002423,13.58617664,13.39928729,14.08057579
85,2011,January,January/2011,1,181,1,15.02455418,15.46067424,16.06654443,4.358931995,4.502091482,0.357296847,"3,350,279","5,181,858",78.1736,90.20559751,1.429460138,22,30,88,3.091042453,3.401197382,4.48863637,1,0,0,0,1,0,1,14.16177258,14.55183887,15.13183756,14.08092938,14.72371952,15.33569137,13.35748135,13.32730548,13.9934902
86,2011,February,February/2011,2,182,1,14.94509392,15.34573014,15.91612389,4.362219257,4.483781605,0.388563708,"3,094,367","4,619,191",78.4310,88.56897306,1.474860941,32,32,71,3.465735903,3.465735903,4.276666119,1,0,0,0,1,0,1,14.06362376,14.4479593,15.00720874,13.97112616,14.60200235,15.16932641,13.37605165,13.20172339,13.82182955
87,2011,March,March/2011,3,183,1,15.1063389,15.47353785,16.04227722,4.373355398,4.562567974,0.480998289,"3,635,797","5,248,946",79.3093,95.82925119,1.617688518,25,31,75,3.218875825,3.433987204,4.33073334,1,0,0,0,1,0,1,14.22228281,14.56737089,15.11806618,14.14544792,14.73228357,15.30432992,13.51838941,13.3483796,13.96332607
88,2011,April,April/2011,4,184,1,15.03867698,15.43846017,16.04416425,4.366043329,4.517433928,0.538080143,"3,397,930","5,068,017",78.7315,91.60024334,1.712715534,17,31,99,2.833213344,3.433987204,4.605170186,1,0,0,0,1,0,1,14.13482937,14.51138252,15.09112193,14.10487696,14.71161573,15.31949062,13.43886466,13.32533361,14.0035673
89,2011,May,May/2011,5,185,1,15.01566117,15.46536923,16.04988629,4.367717242,4.563789007,0.561038517,"3,320,617","5,206,244",78.8634,95.94633333,1.752491547,26,31,70,3.258096538,3.433987204,4.262679877,1,0,0,0,1,0,1,14.15725388,14.55055132,15.12785182,14.04334469,14.72423877,15.30021687,13.39595819,13.36846066,14.00788063
90,2011,June,June/2011,6,186,1,14.96886353,15.44235902,16.00570414,4.381393935,4.569424457,0.503613851,"3,168,800","5,087,815",79.9494,96.48856049,1.654690283,28,28,62,3.33220451,3.33220451,4.143134726,1,0,0,0,1,0,1,14.12701438,14.53254515,15.07769472,14.00985455,14.70148269,15.25687083,13.28585713,13.32795214,13.97879539
91,2011,July,July/2011,7,187,1,15.00130463,15.45440591,16.09240372,4.368769141,4.556168649,0.494663638,"3,273,285","5,149,478",78.9464,95.21796662,1.63994653,23,26,91,3.135494216,3.258096538,4.521788577,1,0,0,0,1,0,1,14.14487258,14.52943195,15.14265134,14.0740645,14.72730319,15.36116721,13.2847339,13.33540003,14.0663113
92,2011,August,August/2011,8,188,1,14.98665217,15.46739705,16.06711799,4.416915865,4.569946873,0.489477739,"3,225,673","5,216,812",82.8404,96.53898084,1.631463948,16,27,58,2.772588722,3.295836866,4.077537444,1,0,0,0,1,0,1,14.14154999,14.5570321,15.13774042,14.04795631,14.73246587,15.32920798,13.26823013,13.33103958,14.0042465
93,2011,September,September/2011,9,189,1,14.94199933,15.41321348,15.97966852,4.458359006,4.544379341,0.480083164,"3,084,806","4,941,668",86.3457,94.10200378,1.616208807,24,28,77,3.17805383,3.33220451,4.356708827,1,0,0,0,1,0,1,14.06501479,14.49594831,15.03879293,14.01403759,14.67575948,15.24380638,13.27390265,13.30996596,13.94421947
94,2011,October,October/2011,10,190,1,15.01324062,15.45513795,16.04142765,4.491559061,4.579211942,0.437249874,"3,312,589","5,153,249",89.2605,97.43757744,1.548442945,29,32,51,3.36729583,3.465735903,3.951243719,1,0,0,0,1,0,1,14.18073683,14.57548427,15.1281425,14.04426951,14.68191711,15.28297999,13.32890589,13.36402245,14.00430197
95,2011,November,November/2011,11,191,1,15.04035042,15.41574444,16.01199386,4.486403542,4.615940511,0.419961189,"3,403,621","4,954,191",88.8015,101.0828534,1.521902489,21,28,96,3.044522438,3.33220451,4.574710979,1,0,0,0,1,0,1,14.18555089,14.52054579,15.06615185,14.03692862,14.64744616,15.27685001,13.47017536,13.35745289,13.98863831
96,2011,December,December/2011,12,192,1,15.13818651,15.49313016,16.14244323,4.475502178,4.593247144,0.387857949,"3,753,452","5,352,799",87.8387,98.81477554,1.473820412,19,24,168,2.944438979,3.17805383,5.129898715,1,0,0,0,1,0,1,14.2637056,14.59030961,15.17883077,14.16144644,14.73960794,15.42733662,13.56017434,13.40460568,14.09719317
97,2012,January,January/2012,1,193,1,15.03813415,15.46044958,16.06453252,4.448413447,4.550450597,0.417168501,"3,396,086","5,180,694",85.4912,94.67505904,1.517658218,28,27,65,3.33220451,3.295836866,4.189654742,1,0,0,0,1,0,1,14.20273702,14.56340583,15.12357118,14.06473581,14.70259038,15.32791827,13.36948123,13.36940469,14.03209263
98,2012,February,February/2012,2,194,1,15.02219488,15.40206135,15.97446313,4.404036383,4.544139513,0.469287402,"3,342,384","4,886,864",81.7803,94.07943826,1.598854447,26,28,89,3.258096538,3.33220451,4.49980967,1,0,0,0,1,0,1,14.19208224,14.49797185,15.03840472,14.04207306,14.64166037,15.23469385,13.3547806,13.34329007,13.93888858
99,2012,March,March/2012,3,195,1,15.11003168,15.47943628,16.06371106,4.39771665,4.596042706,0.532507672,"3,649,248","5,279,998",81.2651,99.09140495,1.703198019,22,26,77,3.091042453,3.258096538,4.356708827,1,0,0,0,1,0,1,14.28162162,14.56747602,15.10578867,14.12632647,14.72693627,15.33614808,13.44578801,13.41647374,14.04800228
100,2012,April,April/2012,4,196,1,15.04984737,15.44765804,16.07629015,4.42815612,4.558909237,0.542460227,"3,436,099","5,114,847",83.7768,95.47927778,1.720233827,23,27,117,3.135494216,3.295836866,4.770684624,1,0,0,0,1,0,1,14.20513757,14.52990246,15.10448284,14.08873943,14.70137136,15.36035896,13.37773091,13.37984188,14.05786597
101,2012,May,May/2012,5,197,1,15.04569278,15.47709281,16.06220676,4.460503887,4.608312534,0.500525385,"3,421,853","5,267,639",86.5311,100.314729,1.649587712,27,25,81,3.295836866,3.218875825,4.406719247,1,0,0,0,1,0,1,14.23973396,14.57628227,15.12105138,14.05350174,14.71273467,15.31950195,13.34511005,13.42235982,14.0522769
102,2012,June,June/2012,6,198,1,14.97697025,15.43038009,16.03105835,4.476610414,4.602017979,0.449185138,"3,194,593","5,027,232",87.9361,99.68527564,1.567034748,23,32,94,3.135494216,3.465735903,4.553876892,1,0,0,0,1,0,1,14.20155361,14.53095529,15.08098101,13.9890537,14.66941001,15.29535878,13.18802564,13.35877531,14.02202867
103,2012,July,July/2012,7,199,1,15.03379062,15.46967649,16.1258382,4.423018615,4.598249316,0.423185514,"3,381,367","5,228,717",83.3475,99.31030241,1.526817515,25,21,97,3.218875825,3.044522438,4.584967479,1,0,0,0,1,0,1,14.25106248,14.55658277,15.1558204,14.08144306,14.71373507,15.40301345,13.18233649,13.42290195,14.12738268
104,2012,August,August/2012,8,200,1,15.01216052,15.4882404,16.09570412,4.414210629,4.596116114,0.495168417,"3,309,013","5,326,689",82.6166,99.09867929,1.64077455,24,24,66,3.17805383,3.17805383,4.204692619,1,0,0,0,1,0,1,14.21582107,14.56980175,15.14059499,14.05054473,14.74038197,15.36960361,13.22089201,13.42843679,14.06648404
105,2012,September,September/2012,9,201,1,14.95559231,15.45109934,16.04230451,4.413410227,4.555863301,0.524529495,"3,127,024","5,132,479",82.5505,95.18889644,1.689663666,31,23,101,3.433987204,3.135494216,4.624972813,1,0,0,0,1,0,1,14.15203208,14.532427,15.09307234,13.99669313,14.69309497,15.30573106,13.17745933,13.42880047,14.0339575
106,2012,October,October/2012,10,202,1,15.03942804,15.49308588,16.06304298,4.403664587,4.623591785,0.499535108,"3,400,483","5,352,562",81.7499,101.8592323,1.647954971,25,26,73,3.218875825,3.258096538,4.304065093,1,0,0,0,1,0,1,14.22465423,14.58549007,15.12445616,14.04940966,14.71993355,15.31211857,13.35575504,13.49024291,14.07446285
107,2012,November,November/2012,11,203,1,15.08528459,15.48244954,16.0838053,4.404367704,4.648106463,0.424875509,"3,560,048","5,295,932",81.8074,104.3871374,1.529400011,21,26,108,3.044522438,3.258096538,4.691347882,1,0,0,0,1,0,1,14.2718253,14.55321754,15.11608498,14.10780398,14.72647996,15.35109093,13.37281855,13.48431537,14.11374971
108,2012,December,December/2012,12,204,1,15.18247989,15.53985627,16.21079269,4.386964424,4.610473578,0.38699869,"3,923,442","5,608,850",80.3960,100.531748,1.472554562,23,22,256,3.135494216,3.091042453,5.549076085,1,0,0,0,1,0,1,14.29718828,14.57669529,15.19130979,14.24616962,14.8079861,15.51932203,13.54943732,13.5543198,14.23303796
109,2013,January,January/2013,1,205,1,15.02832109,15.49430922,16.09427375,4.368098842,4.58463409,0.386999089,"3,362,923","5,359,114",78.8935,97.96733335,1.47255515,17,33,120,2.833213344,3.496507561,4.795790546,1,0,0,0,1,0,1,14.21230081,14.5660456,15.12816591,14.03918917,14.74212937,15.36474316,13.34584287,13.48007558,14.10871137
110,2013,February,February/2013,2,206,1,14.99409848,15.41653659,15.98657789,4.360385393,4.550415286,0.475733073,"3,249,782","4,958,117",78.2873,94.67171595,1.609193422,24,37,100,3.17805383,3.610917913,4.615120517,1,0,0,0,1,0,1,14.14574193,14.46183182,15.01165812,14.05345523,14.68416991,15.26680209,13.28762863,13.40889028,13.99085953
111,2013,March,March/2013,3,207,1,15.10521417,15.52854477,16.14247973,4.330967523,4.575403362,0.484565881,"3,631,710","5,545,763",76.0178,97.06718449,1.623470076,17,34,127,2.833213344,3.526360525,4.852030264,1,0,0,0,1,0,1,14.24424157,14.5720334,15.14940154,14.19049859,14.79163576,15.42740685,13.37145222,13.54206927,14.17928315
112,2013,April,April/2013,4,208,1,15.02500449,15.50452295,16.08192698,4.300781329,4.604367786,0.447580717,"3,351,788","5,414,131",73.7574,99.91979214,1.56452258,22,48,103,3.091042453,3.871201011,4.644390899,1,0,0,0,1,0,1,14.16501254,14.56528237,15.11839287,14.08342248,14.7546655,15.35115531,13.3474171,13.5141284,14.09357326
113,2013,May,May/2013,5,209,1,15.02053211,15.52795875,16.12746086,4.301101246,4.627717653,0.455920944,"3,336,831","5,542,514",73.7810,102.2803582,1.57762562,21,41,88,3.044522438,3.713572067,4.48863637,1,0,0,0,1,0,1,14.19156059,14.60904139,15.1614789,14.04612136,14.76461731,15.39844288,13.33899296,13.52505531,14.13974681
114,2013,June,June/2013,6,210,1,14.95884698,15.51114341,16.12638331,4.36719722,4.600382432,0.457326397,"3,137,218","5,450,094",78.8224,99.52236887,1.579844457,20,46,81,2.995732274,3.828641396,4.406719247,1,0,0,0,1,0,1,14.14253761,14.59011468,15.16223527,13.99568147,14.74786281,15.39501902,13.22303552,13.51424734,14.14181629
115,2013,July,July/2013,7,211,1,15.0281953,15.55864895,16.20813825,4.330449089,4.613240578,0.449313393,"3,362,500","5,715,252",75.9784,100.8103045,1.56723574,15,38,166,2.708050201,3.63758616,5.117993812,1,0,0,0,1,0,1,14.17872209,14.62169576,15.22312233,14.11867269,14.8120425,15.48547822,13.25413873,13.5502838,14.24990514
116,2013,August,August/2013,8,212,1,15.06583799,15.60249665,16.18428153,4.343018099,4.607897978,0.443731215,"3,491,486","5,971,428",76.9394,100.2731516,1.558511525,18,29,101,2.890371758,3.36729583,4.624972813,1,0,0,0,1,0,1,14.19103454,14.62777455,15.21637254,14.16204557,14.89729946,15.45596214,13.34000864,13.55216071,14.199451
117,2013,September,September/2013,9,213,1,14.97743781,15.4999615,16.0956988,4.358456017,4.572707927,0.431256861,"3,196,087","5,389,491",78.1364,96.80589844,1.539190857,15,32,129,2.708050201,3.465735903,4.86753445,1,0,0,0,1,0,1,14.14464019,14.57199304,15.13937165,14.00631355,14.74636394,15.35406259,13.29817714,13.48984967,14.12503509
118,2013,October,October/2013,10,214,1,15.06474961,15.54965486,16.1311097,4.358848843,4.641192821,0.381431677,"3,487,688","5,664,079",78.1671,103.6679311,1.464379608,21,36,84,3.044522438,3.583518938,4.442651256,1,0,0,0,1,0,1,14.23395046,14.62517553,15.16614406,14.08189443,14.79488575,15.39225109,13.40432361,13.5333227,14.17455749
119,2013,November,November/2013,11,215,1,15.09716609,15.52700764,16.14545125,4.345138299,4.646586427,0.35440265,"3,602,599","5,537,245",77.1027,104.2285857,1.42532898,14,33,150,2.63905733,3.496507561,5.017279837,1,0,0,0,1,0,1,14.26142383,14.59175547,15.16397817,14.10418414,14.774233,15.41235571,13.46740876,13.53525021,14.21320018
120,2013,December,December/2013,12,216,1,15.1988814,15.60734352,16.27599515,4.336092638,4.632643082,0.364969172,"3,988,323","6,000,441",76.4084,102.7853756,1.440469601,19,27,244,2.944438979,3.295836866,5.501258211,1,0,0,0,1,0,1,14.33957318,14.66354258,15.27061711,14.22986999,14.87050667,15.56660948,13.57477187,13.5841206,14.32510442
121,2014,January,January/2014,1,217,1,15.09045763,15.54185325,16.16172682,4.336004947,4.592008171,0.371627827,"3,578,512","5,620,062",76.4017,98.69242254,1.450093196,21,32,127,3.044522438,3.465735903,4.852030264,1,0,0,0,1,0,1,14.27299743,14.61569749,15.19051847,14.09339302,14.79116695,15.42937008,13.42702498,13.51602173,14.19989162
122,2014,February,February/2014,2,218,1,14.98720973,15.44907116,16.04577331,4.345611582,4.573957383,0.380242784,"3,227,472","5,122,080",77.1392,96.92692878,1.462639651,38,34,84,3.63758616,3.526360525,4.442651256,1,0,0,0,1,0,1,14.19364284,14.52831035,15.08114519,14.01369152,14.69172901,15.31332125,13.21536726,13.43070947,14.06633153
123,2014,March,March/2014,3,219,1,15.12612671,15.58557573,16.19232834,4.346733598,4.61618804,0.42269675,"3,708,458","5,871,236",77.2258,101.1078774,1.526071445,33,30,140,3.496507561,3.401197382,4.94875989,1,0,0,0,1,0,1,14.316261,14.64457665,15.20846221,14.1856241,14.83617212,15.47261133,13.32219736,13.59863234,14.22082299
124,2014,April,April/2014,4,220,1,15.05948502,15.56037459,16.18247538,4.343404043,4.608399558,0.454554112,"3,469,375","5,725,123",76.9691,100.3234592,1.575470743,24,30,152,3.17805383,3.401197382,5.030437921,1,0,0,0,1,0,1,14.23877367,14.61059545,15.18765402,14.15138976,14.82236495,15.46267152,13.20535987,13.55870163,14.24009832
125,2014,May,May/2014,5,221,1,15.0644072,15.5920904,16.19067442,4.340464783,4.652992709,0.455075609,"3,486,494","5,909,610",76.7432,104.8984468,1.57629256,25,30,135,3.218875825,3.401197382,4.912654886,1,0,0,0,1,0,1,14.24077633,14.65074437,15.21644843,14.16255316,14.84916112,15.45546157,13.20231993,13.58351166,14.24654789
126,2014,June,June/2014,6,222,1,14.98295339,15.54656008,16.14869963,4.339369624,4.63286548,0.457472804,"3,213,764","5,646,577",76.6592,102.8082374,1.580075773,28,30,103,3.33220451,3.401197382,4.644390899,1,0,0,0,1,0,1,14.16589204,14.60447143,15.17425308,14.08421315,14.79728337,15.41448552,13.09373548,13.562275,14.20180372
127,2014,July,July/2014,7,223,1,15.02792255,15.57329106,16.22889498,4.332980813,4.644774769,0.436933949,"3,361,583","5,799,551",76.1710,104.0399302,1.54795383,20,36,154,2.995732274,3.583518938,5.043425117,1,0,0,0,1,0,1,14.19108125,14.62685269,15.23282624,14.17464128,14.83196838,15.50887446,13.06828093,13.57373832,14.29046131
128,2014,August,August/2014,8,224,1,15.04466532,15.58111649,16.21699919,4.33694166,4.62251542,0.404685608,"3,418,339","5,845,113",76.4733,101.7496536,1.498831206,15,28,144,2.708050201,3.33220451,4.976733742,1,0,0,0,1,0,1,14.16719015,14.6387992,15.24225636,14.21727282,14.83772765,15.48907922,13.12721161,13.57697922,14.24944391
129,2014,September,September/2014,9,225,1,14.94800079,15.55197135,16.14275763,4.318845858,4.60521212,0.380950328,"3,103,375","5,677,215",75.1019,100.0041935,1.463674899,17,28,121,2.833213344,3.33220451,4.804021045,1,0,0,0,1,0,1,14.10139076,14.62207749,15.19004454,14.07209894,14.79004378,15.39604269,13.08139346,13.57608644,14.17939783
130,2014,October,October/2014,10,226,1,15.03927246,15.61844832,16.21119421,4.324340582,4.671838432,0.315476983,"3,399,954","6,067,446",75.5157,106.8940794,1.370913058,12,30,105,2.48490665,3.401197382,4.663439094,1,0,0,0,1,0,1,14.16037959,14.72568744,15.29290603,14.16667716,14.83488878,15.44374059,13.24886386,13.60628594,14.22052957
131,2014,November,November/2014,11,227,1,15.05107243,15.608921,16.24492397,4.303432461,4.667540021,0.238310543,"3,440,311","6,009,914",73.9532,106.4355908,1.269103243,32,61,179,3.465735903,4.110873864,5.192956851,1,0,0,0,1,0,1,14.17866715,14.72295346,15.32538247,14.15288239,14.8253175,15.47819839,13.3066663,13.57581198,14.25544408
132,2014,December,December/2014,12,228,1,15.1546229,15.66077383,16.3175655,4.346294529,4.67289405,0.114129005,"3,815,655","6,329,766",77.1919,107.0069783,1.120896717,15,30,267,2.708050201,3.401197382,5.590986981,1,0,0,0,1,0,1,14.24652515,14.76465253,15.37433074,14.2575178,14.89176476,15.57505774,13.48840829,13.60799918,14.31297005
133,2015,January,January/2015,1,229,1,15.01937706,15.61520513,16.24224372,4.339882151,4.627879901,-0.05681088,"3,332,979","6,047,800",76.6985,102.2969543,0.944772728,25,27,174,3.218875825,3.295836866,5.164785974,1,0,0,0,1,0,1,14.17976818,14.73142362,15.32364815,14.07133347,14.82757464,15.4727164,13.30802934,13.5891995,14.25948523
134,2015,February,February/2015,2,230,1,14.98094064,15.54005379,16.1201693,4.34901262,4.604388582,-0.019887838,"3,207,302","5,609,958",77.4020,99.92187017,0.98030862,44,31,135,3.784189634,3.433987204,4.912654886,1,0,0,0,1,0,1,14.1212754,14.66225012,15.22770631,14.05914199,14.74533766,15.32905192,13.25997518,13.51960275,14.13251524
135,2015,March,March/2015,3,231,1,15.09522894,15.65662035,16.2640655,4.348172496,4.651387349,0.075357771,"3,595,627","6,303,530",77.3370,104.7301821,1.078269855,30,29,127,3.401197382,3.36729583,4.852030264,1,0,0,0,1,0,1,14.21622641,14.77186203,15.34400411,14.20631134,14.85914276,15.48584242,13.34481869,13.6668168,14.31413626
136,2015,April,April/2015,4,232,1,15.02124481,15.62438686,16.23664213,4.355486285,4.640932517,0.076855685,"3,339,210","6,103,585",77.9047,103.6409495,1.079886221,26,29,148,3.258096538,3.36729583,5.003946306,1,0,0,0,1,0,1,14.14436888,14.73703159,15.32195936,14.15196137,14.83492631,15.46075509,13.21741716,13.61571726,14.2637995
137,2015,May,May/2015,5,233,1,15.05485794,15.65220212,16.2828749,4.376990223,4.664818592,0.164052624,"3,453,359","6,275,741",79.5981,106.1463276,1.178276319,19,27,117,2.944438979,3.295836866,4.770684624,1,0,0,0,1,0,1,14.16452312,14.77276894,15.36504792,14.18765188,14.85422173,15.51150701,13.27911752,13.64782773,14.30406665
138,2015,June,June/2015,6,234,1,14.98093347,15.62931899,16.23059408,4.386018656,4.673346434,0.189747327,"3,207,279","6,133,763",80.3200,107.0553975,1.208944091,18,22,157,2.890371758,3.091042453,5.062595033,1,0,0,0,1,0,1,14.08864964,14.75014796,15.32207331,14.13635053,14.83743401,15.45290366,13.15174935,13.60347879,14.24583672
139,2015,July,July/2015,7,235,1,15.07173439,15.64632678,16.29511861,4.403575286,4.675438839,0.187945676,"3,512,134","6,238,977",81.7426,107.2796352,1.206767957,16,24,202,2.772588722,3.17805383,5.313205979,1,0,0,0,1,0,1,14.14482582,14.76945616,15.3713443,14.24987341,14.858214,15.53026821,13.2675696,13.60004868,14.31155954
140,2015,August,August/2015,8,236,1,15.03047879,15.64732789,16.28549416,4.438932586,4.657583971,0.134407995,"3,370,187","6,245,226",84.6845,105.3811704,1.143859414,19,24,160,2.944438979,3.17805383,5.081404365,1,0,0,0,1,0,1,14.10748366,14.76843443,15.37456466,14.19743474,14.8597807,15.51486559,13.24638293,13.6055559,14.2839586
141,2015,September,September/2015,9,237,1,14.9593696,15.61324945,16.20060028,4.459065219,4.652825106,0.034104659,"3,138,858","6,035,984",86.4067,104.8808669,1.034692891,31,29,113,3.433987204,3.36729583,4.736198448,1,0,0,0,1,0,1,14.02050562,14.73340321,15.29489081,14.13496742,14.83087456,15.43072058,13.18994539,13.55623193,14.18075696
142,2015,October,October/2015,10,238,1,15.11297726,15.66465537,16.25529082,4.442619491,4.693915976,0.003617764,"3,660,013","6,354,383",84.9973,109.2802819,1.003624316,28,28,131,3.33220451,3.33220451,4.882801923,1,0,0,0,1,0,1,14.13821198,14.79272102,15.35431118,14.32434781,14.86814243,15.47582522,13.33068401,13.63178842,14.25412349
143,2015,November,November/2015,11,239,1,15.08261787,15.64902263,16.2691079,4.419705294,4.690418047,-0.048941859,"3,550,567","6,255,819",83.0718,108.8986951,0.952236492,22,27,170,3.091042453,3.295836866,5.141663557,1,0,0,0,1,0,1,14.16541292,14.75898056,15.34723576,14.19524341,14.86129118,15.50509277,13.41465083,13.64272737,14.27719279
144,2015,December,December/2015,12,240,1,15.15194349,15.69559145,16.35420684,4.437594966,4.699357424,-0.098210481,"3,805,445","6,554,035",84.5713,109.8765458,0.906458091,19,24,318,2.944438979,3.17805383,5.765191103,1,0,0,0,1,0,1,14.18563308,14.80886714,15.41273033,14.30438439,14.92217732,15.61566007,13.49675603,13.62856754,14.33031904
145,2016,January,January/2016,1,241,1,15.02073408,15.64515588,16.27818634,4.486241369,4.649977931,-0.141286851,"3,337,505","6,231,676",88.7871,104.5826776,0.86824022,37,27,205,3.610917913,3.295836866,5.327876169,1,0,0,0,1,0,1,14.10266874,14.74665286,15.34360825,14.14709946,14.88129589,15.53024804,13.3239809,13.58124539,14.26757677
146,2016,February,February/2016,2,242,1,15.02750183,15.59487418,16.18715117,4.522577396,4.652632586,-0.236350822,"3,360,169","5,926,084",92.0726,104.8606773,0.78950365,43,28,131,3.761200116,3.33220451,4.882801923,1,0,0,0,1,0,1,14.1238853,14.71070757,15.28423846,14.15844615,14.81481509,15.41771296,13.28767441,13.54353647,14.15718211
147,2016,March,March/2016,3,243,1,15.11476091,15.68624432,16.30659509,4.489017196,4.66341105,-0.139623373,"3,666,547","6,493,059",89.0339,105.9970273,0.869685721,35,28,201,3.555348061,3.33220451,5.308267697,1,0,0,0,1,0,1,14.18000019,14.78586628,15.35743294,14.26035662,14.91398484,15.5662244,13.40982242,13.6583771,14.31147794
148,2016,April,April/2016,4,244,1,15.03175565,15.65743385,16.25054991,4.49579384,4.676141433,-0.076681051,"3,374,493","6,308,660",89.6393,107.3550357,0.926185212,29,26,180,3.36729583,3.258096538,5.198497031,1,0,0,0,1,0,1,14.1115216,14.76615673,15.33274107,14.17874713,14.88934131,15.49374311,13.29131597,13.58573255,14.22138025
149,2016,May,May/2016,5,245,1,15.09162559,15.68581885,16.29627062,4.53450091,4.692871663,-0.013110642,"3,582,694","6,490,297",93.1770,109.1662187,0.986974928,21,24,179,3.044522438,3.17805383,5.192956851,1,0,0,0,1,0,1,14.13727082,14.79733169,15.37942963,14.25929405,14.9011244,15.52880295,13.37630302,13.66437018,14.30141276
150,2016,June,June/2016,6,246,1,14.99857398,15.63341443,16.24168305,4.570895461,4.703997845,0.023301404,"3,264,359","6,158,935",96.6306,110.387604,1.023575003,16,24,175,2.772588722,3.17805383,5.170483995,1,0,0,0,1,0,1,14.06264716,14.75818457,15.3236539,14.18043141,14.83478234,15.47217627,13.20597816,13.6181846,14.2572118
151,2016,July,July/2016,7,247,1,15.05502153,15.66525588,16.33851165,4.556500815,4.680094707,-0.025796585,"3,453,924","6,358,200",95.2496,107.7802796,0.974533305,13,18,254,2.564949357,2.890371758,5.541263545,1,0,0,0,1,0,1,14.14540981,14.77570142,15.39613265,14.20367622,14.88624587,15.58893802,13.28587921,13.62734918,14.35606876
152,2016,August,August/2016,8,248,1,15.06316335,15.66252291,16.29492515,4.558752356,4.692868933,-0.053071703,"3,482,160","6,340,847",95.4643,109.1659206,0.948312013,14,21,216,2.63905733,3.044522438,5.379897354,1,0,0,0,1,0,1,14.14181629,14.78494956,15.36961143,14.20982978,14.87213246,15.54080628,13.32603375,13.62646041,14.27878157
153,2016,September,September/2016,9,249,1,15.07140747,15.62680268,16.22254323,4.587747285,4.666291536,-0.036821222,"3,510,986","6,118,348",98.2728,106.3027905,0.963848435,27,27,177,3.295836866,3.295836866,5.18178355,1,0,0,0,1,0,1,14.13716208,14.73097455,15.29017219,14.24043183,14.85508879,15.47552846,13.30819875,13.58280897,14.20213937
154,2016,October,October/2016,10,250,1,15.12904093,15.68132577,16.28745658,4.561429352,4.709043756,-0.024409278,"3,719,281","6,461,201",95.7202,110.9460177,0.97588622,21,25,157,3.044522438,3.218875825,5.062595033,1,0,0,0,1,0,1,14.29430605,14.79531303,15.36638078,14.2366423,14.89348229,15.52543396,13.2733095,13.66300952,14.28636757
155,2016,November,November/2016,11,251,1,15.11346184,15.63997404,16.25754502,4.588202038,4.736548712,-0.050357563,"3,661,787","6,199,468",98.3175,114.0399371,0.950889361,60,47,222,4.094344562,3.850147602,5.407171771,1,0,0,0,1,0,1,14.21492406,14.75363636,15.3239887,14.2157621,14.84503211,15.50201876,13.42784165,13.64656396,14.27038088
156,2016,December,December/2016,12,252,1,15.13492339,15.69317628,16.3533046,4.593346562,4.731548837,-0.020216908,"3,741,224","6,538,225",98.8246,113.4711747,0.979986083,36,22,361,3.583518938,3.091042453,5.891644212,1,0,0,0,1,0,1,14.23408865,14.7881147,15.38499235,14.23149481,14.92458955,15.63050548,13.46675134,13.66682144,14.34997146
157,2017,January,January/2017,1,253,1,15.04601477,15.65386397,16.27823959,4.615567941,4.688430334,0.012119525,"3,422,955","6,286,179",101.0452,108.6824507,1.012193264,85,52,290,4.442651256,3.951243719,5.673323267,1,0,0,0,0,1,0,14.12456682,14.74812532,15.31372145,14.16956587,14.87810699,15.54589822,13.36292554,13.65435423,14.29810891
158,2017,February,February/2017,2,254,1,14.96396357,15.55593603,16.14960924,4.571331046,4.658316938,-0.008256385,"3,153,311","5,699,768",96.6727,105.4584396,0.991777605,165,76,146,5.105945474,4.33073334,4.990432587,1,0,0,0,0,1,0,14.05286939,14.64954817,15.20424419,14.08438436,14.78015974,15.40442102,13.26546755,13.55842752,14.1605007
159,2017,March,March/2017,3,255,1,15.12115301,15.7586387,16.29525432,4.518882184,4.718042079,-0.000414358,"3,690,059","6,980,553",91.7330,111.9488509,0.999585728,74,40,204,4.304065093,3.688879454,5.323009979,1,0,0,0,0,1,0,14.22148687,14.94661714,15.34530183,14.2176575,14.91107889,15.54703565,13.45060325,13.69963607,14.32936898
160,2017,April,April/2017,4,256,1,15.09143074,15.66226945,16.31162862,4.49410789,4.667853928,0.033285199,"3,581,996","6,339,240",89.4883,106.4690069,1.033845349,52,29,226,3.951243719,3.36729583,5.424950017,1,0,0,0,0,1,0,14.20500887,14.75180468,15.34567602,14.1952995,14.89640141,15.57849377,13.37511233,13.64285097,14.33819558
161,2017,May,May/2017,5,257,1,15.08021311,15.700599,16.30774653,4.504800529,4.72610185,0.022492378,"3,542,039","6,586,937",90.4503,112.8547789,1.022747239,37,26,218,3.610917913,3.258096538,5.38907173,1,0,0,0,0,1,0,14.22193521,14.80357557,15.36880089,14.18503687,14.91186396,15.54792493,13.29387674,13.71864056,14.35024097
162,2017,June,June/2017,6,258,1,14.99588316,15.65928768,16.27781477,4.477728783,4.728470055,0.004257016,"3,255,587","6,320,366",88.0345,113.1223589,1.00426609,30,22,178,3.401197382,3.091042453,5.187385806,1,0,0,0,0,1,0,14.15884491,14.7782153,15.33757848,14.10290509,14.85781666,15.51789003,13.14802528,13.6714635,14.32421493
163,2017,July,July/2017,7,259,1,15.06877055,15.69305376,16.3703203,4.462813681,4.692342214,-0.013929051,"3,501,740","6,537,424",86.7312,109.1084361,0.98616751,22,21,271,3.091042453,3.044522438,5.605802066,1,0,0,0,0,1,0,14.21912796,14.79996037,15.40997391,14.17804659,14.90600297,15.62548332,13.24906651,13.69373381,14.42140179
164,2017,August,August/2017,8,260,1,15.06412235,15.68923228,16.3230068,4.470098179,4.718229425,0.015683696,"3,485,501","6,512,489",87.3653,111.9698261,1.015807331,29,26,230,3.36729583,3.258096538,5.442417711,1,0,0,0,0,1,0,14.20637222,14.82610988,15.39140823,14.17555841,14.87634517,15.562114,13.26012157,13.68364749,14.34848312
165,2017,September,September/2017,9,261,1,15.00228084,15.64537666,16.25944624,4.473802166,4.669913971,0.112107844,"3,276,482","6,233,052",87.6895,106.6885637,1.118633493,41,26,214,3.713572067,3.258096538,5.370638028,1,0,0,0,0,1,0,14.15622521,14.75585409,15.305345,14.09801073,14.84976564,15.50962265,13.20686628,13.66373489,14.31027448
166,2017,October,October/2017,10,262,1,15.11518901,15.69771308,16.31245727,4.50891476,4.724970583,0.060703078,"3,668,117","6,567,955",90.8232,112.7271822,1.062583363,35,25,231,3.555348061,3.218875825,5.446737372,1,0,0,0,0,1,0,14.26512269,14.83530436,15.38699174,14.22109499,14.873388,15.5350731,13.30507486,13.72676786,14.37483773
167,2017,November,November/2017,11,263,1,15.13746851,15.66699134,16.29440936,4.51140661,4.753498953,0.082193076,"3,750,758","6,369,244",91.0498,115.9894169,1.085665406,35,24,317,3.555348061,3.17805383,5.762051383,1,0,0,0,0,1,0,14.26664669,14.79501043,15.35011026,14.21808951,14.84573908,15.52864701,13.43715368,13.7150425,14.37073041
168,2017,December,December/2017,12,264,1,15.19561027,15.70327239,16.37577357,4.517017431,4.74365577,0.05091192,"3,975,298","6,604,570",91.5621,114.8533124,1.052230209,25,22,373,3.218875825,3.091042453,5.924255797,1,0,0,0,0,1,0,14.33374824,14.82968271,15.41948296,14.23831775,14.89260261,15.6310803,13.5541354,13.72269437,14.41538882
169,2018,January,January/2018,1,265,1,15.0994629,15.67288001,16.31190077,4.518176627,4.712436787,0.074730808,"3,610,883","6,406,861",91.6683,111.3231004,1.077594032,29,35,258,3.36729583,3.555348061,5.556828062,1,0,0,0,0,1,0,14.24127425,14.81178923,15.38306925,14.16471285,14.84970983,15.540613,13.40330478,13.69427244,14.36396313
170,2018,February,February/2018,2,266,1,15.05238715,15.59112354,16.20321609,4.494672051,4.682876112,0.082855347,"3,444,837","5,903,899",89.5388,108.0804775,1.086384648,31,34,205,3.433987204,3.526360525,5.327876169,1,0,0,0,0,1,0,14.16063242,14.72921876,15.2846431,14.16648076,14.77622383,15.43568839,13.32486331,13.58834267,14.21363479
171,2018,March,March/2018,3,267,1,15.22113072,15.71652047,16.3565635,4.496227707,4.715504027,0.082074424,"4,078,055","6,692,650",89.6782,111.6650792,1.085536597,28,27,291,3.33220451,3.295836866,5.676753802,1,0,0,0,0,1,0,14.29718704,14.83756788,15.40702358,14.36328335,14.91321443,15.60878238,13.50062446,13.72828243,14.38805611
172,2018,April,April/2018,4,268,1,15.14146212,15.68821095,16.31694667,4.47829431,4.714741737,0.13688443,"3,765,767","6,505,841",88.0843,111.5799904,1.146695617,36,28,214,3.583518938,3.33220451,5.370638028,1,0,0,0,0,1,0,14.24820619,14.8193857,15.3934157,14.22090366,14.88401409,15.55460017,13.49319287,13.67162287,14.32416202
173,2018,May,May/2018,5,269,1,15.13882731,15.72110959,16.33525815,4.523445899,4.756052021,0.171646896,"3,755,858","6,723,434",92.1526,116.2859241,1.187258534,32,26,251,3.465735903,3.258096538,5.529429088,1,0,0,0,0,1,0,14.25692822,14.85414635,15.41011033,14.26994359,14.91898468,15.57680188,13.34657516,13.69159337,14.33380125
174,2018,June,June/2018,6,270,1,15.05683724,15.66633375,16.2922034,4.556777943,4.742370969,0.164346703,"3,460,201","6,365,057",95.2760,114.7058436,1.178622876,48,50,210,3.871201011,3.912023005,5.351858133,1,0,0,0,0,1,0,14.20622609,14.80360908,15.37309102,14.1722412,14.85981449,15.52818209,13.22403871,13.63819445,14.29221978
175,2018,July,July/2018,7,271,1,15.14477944,15.68370192,16.35712287,4.488428483,4.725928422,0.150036885,"3,778,280","6,476,572",88.9815,112.8352084,1.161877098,32,27,326,3.465735903,3.295836866,5.789960171,1,0,0,0,0,1,0,14.25914647,14.79954255,15.40570489,14.28865363,14.89759908,15.61549527,13.32919216,13.65359733,14.37276585
176,2018,August,August/2018,8,272,1,15.13559914,15.69571488,16.32820867,4.463858894,4.736283182,0.144688609,"3,743,753","6,554,844",86.8219,114.00966,1.155679646,26,25,228,3.258096538,3.218875825,5.433722004,1,0,0,0,0,1,0,14.27810493,14.81608508,15.39326996,14.2712739,14.90761908,15.58309396,13.26765262,13.65821093,14.3086214
177,2018,September,September/2018,9,273,1,15.04982817,15.65911441,16.28555405,4.475950627,4.689644221,0.14387037,"3,436,033","6,319,271",87.8781,108.814459,1.154734411,29,24,173,3.36729583,3.17805383,5.159055299,1,0,0,0,0,1,0,14.22745596,14.78282059,15.36485148,14.14386709,14.86590552,15.52761137,13.19486449,13.62873871,14.26913452
178,2018,October,October/2018,10,274,1,15.15126871,15.69597038,16.3007644,4.47193475,4.750978568,0.151664815,"3,802,878","6,556,519",87.5259,115.6974469,1.163770093,82,29,188,4.406719247,3.36729583,5.241747015,1,0,0,0,0,1,0,14.32234202,14.83248392,15.38253438,14.24781232,14.89494275,15.54141758,13.30810408,13.65145751,14.2818757
179,2018,November,November/2018,11,275,1,15.16000823,15.62112855,16.24822421,4.519371528,4.769238307,0.082087316,"3,836,259","6,083,730",91.7779,117.8294579,1.085550592,130,29,278,4.86753445,3.36729583,5.631211782,1,0,0,0,0,1,0,14.30165755,14.72089321,15.27935537,14.29407308,14.84734751,15.52511828,13.2987792,13.59814528,14.24755787
180,2018,December,December/2018,12,276,1,15.24354745,15.6604311,16.33229105,4.508126104,4.74031449,-0.022269516,"4,170,504","6,327,597",90.7516,114.4701957,0.977976619,45,23,468,3.80666249,3.135494216,6.150602768,1,0,0,0,0,1,0,14.40488263,14.73762311,15.32219322,14.32861379,14.90464238,15.64006791,13.45480034,13.64271191,14.33243236
181,2019,January,January/2019,1,277,1,15.13299275,15.65634142,16.28872976,4.467895797,4.72371659,-0.073819528,"3,734,008","6,301,772",87.1731,112.5859118,0.928839308,34,28,248,3.526360525,3.33220451,5.517452896,1,0,0,0,0,1,0,14.30903843,14.74660005,15.30145589,14.21223357,14.89741098,15.58279699,13.31953906,13.60998465,14.27702954
182,2019,February,February/2019,2,278,1,15.01402911,15.54828389,16.14720843,4.468284603,4.691990549,-0.054785726,"3,315,202","5,656,319",87.2070,109.0700732,0.946687977,38,26,218,3.63758616,3.258096538,5.38907173,1,0,0,0,0,1,0,14.21106808,14.64034017,15.18018488,14.06058154,14.78567451,15.42775293,13.22180682,13.50959662,14.1280684
183,2019,March,March/2019,3,279,1,15.22728624,15.66831966,16.28934236,4.46855404,4.726937637,0.020242045,"4,103,235","6,377,710",87.2305,112.9491409,1.020448305,48,24,285,3.871201011,3.17805383,5.655991811,1,0,0,0,0,1,0,14.39730374,14.78018833,15.33667229,14.3267509,14.88599083,15.55373475,13.37953418,13.63756501,14.28742486
184,2019,April,April/2019,4,280,1,15.22980717,15.55354747,16.17193353,4.458771217,4.699365387,0.119897383,"4,113,592","5,686,170",86.3813,109.8774207,1.127381157,43,26,481,3.761200116,3.258096538,6.177944114,1,0,0,0,0,1,0,14.36305608,14.75809964,15.31551434,14.3920992,14.66773412,15.33399544,13.31237529,13.56022726,14.22505135
185,2019,May,May/2019,5,281,1,15.20479993,15.62166706,16.22798584,4.464718906,4.750884225,0.140081749,"4,011,998","6,087,007",86.8966,115.6865323,1.150367837,27,26,269,3.295836866,3.258096538,5.598421959,1,0,0,0,0,1,0,14.36699336,14.80289329,15.35651973,14.35899929,14.77267717,15.41932428,13.22522497,13.59049025,14.23441627
186,2019,June,June/2019,6,282,1,15.15042399,15.62785666,16.26565347,4.481558572,4.731726047,0.090481273,"3,799,667","6,124,800",88.3723,113.4912847,1.094701007,55,27,289,4.007333185,3.295836866,5.669880923,1,0,0,0,0,1,0,14.31836248,14.77292673,15.34882308,14.303615,14.81232782,15.49298107,13.15582136,13.60503518,14.28832399
187,2019,July,July/2019,7,283,1,15.2452075,15.61043385,16.26887606,4.465723044,4.731346245,0.095564906,"4,177,433","6,019,013",86.9839,113.4481886,1.100280234,52,29,316,3.951243719,3.36729583,5.758901774,1,0,0,0,0,1,0,14.36770056,14.7992042,15.38703267,14.42347886,14.7478018,15.4569042,13.31080616,13.59781961,14.3169426
188,2019,August,August/2019,8,284,1,15.19873446,15.62418106,16.26114965,4.488610527,4.725859189,0.053656437,"3,987,737","6,102,329",88.9977,112.8273968,1.055122039,19,24,294,2.944438979,3.17805383,5.686975356,1,0,0,0,0,1,0,14.35274751,14.79322634,15.37356738,14.34141591,14.78010981,15.46176206,13.27846929,13.617323,14.28603905
189,2019,September,September/2019,9,285,1,15.16844279,15.61384089,16.2305822,4.483482663,4.690260195,0.043222143,"3,868,753","6,039,555",88.5425,108.8815065,1.044169825,24,23,238,3.17805383,3.135494216,5.476463552,1,0,0,0,0,1,0,14.28278171,14.77561452,15.34201698,14.27829003,14.79004076,15.44389897,13.43664259,13.56405112,14.21619425
190,2019,October,October/2019,10,286,0,15.206884,15.65469672,16.25223197,4.472695378,4.748961347,0.056850091,"4,020,368","6,291,416",87.5925,115.4642948,1.058497121,23,24,189,3.135494216,3.17805383,5.247024072,1,0,0,0,0,1,0,14.36308037,14.82947848,15.37387326,14.32477336,14.822453,15.45982148,13.34911322,13.58946279,14.22563811
191,2019,November,November/2019,11,287,0,15.21236818,15.61058685,16.24296728,4.462601508,4.756382406,0.045940904,"4,042,477","6,019,934",86.7128,116.3243495,1.047012535,24,21,311,3.17805383,3.044522438,5.743003188,1,0,0,0,0,1,0,14.34575521,14.77147652,15.34529187,14.32053137,14.78961462,15.4685333,13.43879179,13.55409255,14.21436721
192,2019,December,December/2019,12,288,0,15.28755041,15.66855906,16.33644139,4.451694945,4.731540943,0.028866339,"4,358,116","6,379,237",85.7722,113.4702789,1.02928701,22,19,455,3.091042453,2.944438979,6.12249281,1,0,0,0,0,1,0,14.36883459,14.82794458,15.42273482,14.43173998,14.86040592,15.58753082,13.55045066,13.5719653,14.26563094
193,2020,January,January/2020,1,289,0,15.18085193,15.64688297,16.23273437,4.427287961,4.717780453,0.021585627,"3,917,060","6,242,448",83.7041,111.919566,1.021820282,34,21,266,3.526360525,3.044522438,5.587248658,1,0,0,0,0,1,0,14.31773812,14.81390206,15.31903158,14.27110081,14.81685064,15.46566998,13.44090147,13.60059308,14.22720622
194,2020,February,February/2020,2,290,0,15.09868218,15.58990055,16.14408966,4.413472006,4.685832933,-0.021009488,"3,608,065","5,896,683",82.5556,108.4005251,0.979209674,34,23,215,3.526360525,3.135494216,5.375278408,1,0,0,0,0,1,0,14.25046003,14.75454586,15.2471126,14.19005381,14.75709197,15.36206192,13.31933214,13.56079507,14.13954794